pidlink,kw04
001060001,3:Self
001065102,1:Parents
001080003,3:Self
001240002,1:Parents
001240003,1:Parents
001240004,3:Self
001245101,3:Self
001245201,4:Other family member from parent
001290004,3:Self
001290005,3:Self
001295101,1:Parents
002010002,1:Parents
002015101,1:Parents
002020001,1:Parents
002050003,1:Parents
002065101,3:Self
002150001,3:Self
002150002,4:Other family member from parent
002190012,3:Self
002200001,3:Self
002210008,1:Parents
002250004,3:Self
002260008,3:Self
002290003,3:Self
002300014,4:Other family member from parent
003015102,3:Self
003015301,3:Self
003020003,3:Self
003040001,3:Self
003045101,3:Self
003050006,3:Self
003050010,3:Self
003055101,3:Self
003090005,3:Self
003094102,3:Self
003115101,3:Self
003155101,3:Self
003170001,3:Self
003170003,3:Self
003180004,3:Self
003184101,3:Self
003184202,3:Self
003185101,3:Self
003200004,3:Self
003260001,3:Self
003260004,3:Self
003260009,3:Self
003265202,3:Self
003270003,3:Self
003280001,3:Self
003290003,3:Self
004020005,3:Self
004025201,3:Self
004030001,3:Self
004030008,3:Self
004030009,3:Self
004040003,3:Self
004045102,3:Self
004055102,3:Self
004060001,3:Self
004060003,3:Self
004060004,3:Self
004060005,3:Self
004070007,3:Self
004100006,3:Self
004102101,3:Self
004105202,3:Self
004110003,3:Self
004140005,3:Self
004140006,3:Self
004170005,3:Self
004190003,3:Self
004220001,1:Parents
004220003,3:Self
004260006,3:Self
004270001,3:Self
004290002,3:Self
005010004,1:Parents
005010005,4:Other family member from parent
005034101,3:Self
005040004,3:Self
005040005,3:Self
005050002,3:Self
005060003,3:Self
005090005,3:Self
005095201,3:Self
005110003,3:Self
005110004,3:Self
005110008,3:Self
005130008,3:Self
005140007,3:Self
005164101,3:Self
005165101,3:Self
005170001,3:Self
005170003,3:Self
005180005,3:Self
005200001,3:Self
006015101,3:Self
006030007,3:Self
006040004,3:Self
006044101,3:Self
006060001,4:Other family member from parent
006060002,1:Parents
006080005,3:Self
006084101,3:Self
006090005,3:Self
006095101,3:Self
006100003,3:Self
006110006,3:Self
006120005,3:Self
006121104,3:Self
006125204,3:Self
006140003,3:Self
006175101,3:Self
006190008,3:Self
006195101,3:Self
006200003,3:Self
007020001,3:Self
007040003,3:Self
007050004,3:Self
007080001,3:Self
007143108,3:Self
007160006,3:Self
007163107,3:Self
007180003,3:Self
007185203,3:Self
007202101,3:Self
007230004,3:Self
007235101,3:Self
007285101,3:Self
008014202,3:Self
008015101,3:Self
008040003,3:Self
008080005,3:Self
008080006,3:Self
008090007,3:Self
008095201,3:Self
008100005,3:Self
008110003,3:Self
008110009,3:Self
008115201,3:Self
008120004,3:Self
008125201,3:Self
008130006,3:Self
008140006,3:Self
008150006,3:Self
008155101,3:Self
008155201,3:Self
008200007,3:Self
008210010,3:Self
008220003,3:Self
008225201,3:Self
008254101,3:Self
008260003,3:Self
008273106,1:Parents
008274206,3:Self
008275101,3:Self
008275202,3:Self
008285203,3:Self
009020006,3:Self
009025101,3:Self
009070003,3:Self
009070007,3:Self
009084203,3:Self
009090002,3:Self
009190003,3:Self
009190005,3:Self
009205201,3:Self
009210003,3:Self
009220003,3:Self
009234102,3:Self
009240005,3:Self
009290004,3:Self
009304101,3:Self
010065101,3:Self
010080005,3:Self
010100003,3:Self
010103105,4:Other family member from parent
010125101,3:Self
010170006,3:Self
010210005,3:Self
010220004,3:Self
010220005,3:Self
010240001,3:Self
010240002,3:Self
010245101,3:Self
010260012,3:Self
010275101,3:Self
010410004,3:Self
010415101,3:Self
010420004,3:Self
010433208,3:Self
010440005,3:Self
010440007,3:Self
010460003,3:Self
010460004,3:Self
010464104,3:Self
011014102,3:Self
011060003,3:Self
011090002,3:Self
011100004,3:Self
011100005,3:Self
011115202,3:Self
011120003,3:Self
011135101,3:Self
011160003,3:Self
011190002,3:Self
011200003,3:Self
011230002,3:Self
011240003,3:Self
011240010,3:Self
011254202,3:Self
011265101,3:Self
011270004,3:Self
012020009,3:Self
012040006,3:Self
012045101,3:Self
012050001,3:Self
012050006,3:Self
012060001,3:Self
012060004,3:Self
012090003,3:Self
012090006,4:Other family member from parent
012095201,3:Self
012110003,3:Self
012120004,3:Self
012130001,3:Self
012135201,3:Self
012140007,3:Self
012145203,3:Self
012160003,3:Self
012160006,3:Self
012160013,3:Self
012165401,3:Self
012175101,3:Self
012180005,3:Self
012190007,3:Self
012190012,3:Self
012195201,3:Self
013010001,3:Self
013015101,3:Self
013020003,3:Self
013025201,3:Self
013065101,3:Self
013070005,3:Self
013080005,3:Self
013090003,3:Self
013090005,3:Self
013100003,3:Self
013104107,3:Self
013105201,3:Self
013110004,3:Self
013110006,3:Self
013120001,3:Self
013125101,3:Self
013125201,3:Self
013130001,3:Self
013140003,3:Self
013140007,3:Self
013160003,3:Self
013170003,3:Self
013190004,3:Self
014100004,3:Self
014100005,3:Self
014120004,3:Self
014130003,3:Self
014140002,3:Self
014140006,3:Self
014140007,3:Self
014160002,1:Parents
014180004,3:Self
015030002,3:Self
015040003,3:Self
015040006,3:Self
015050001,3:Self
015155102,3:Self
015160004,3:Self
015160011,3:Self
015190005,3:Self
015200001,3:Self
015200004,3:Self
016010005,3:Self
016020001,3:Self
016020003,3:Self
016020004,3:Self
016040013,3:Self
016050005,4:Other family member from parent
016070003,3:Self
016120003,3:Self
016130010,3:Self
016130013,3:Self
016160002,4:Other family member from parent
017030001,3:Self
017030002,3:Self
017040005,3:Self
017075101,3:Self
017080001,3:Self
017080003,3:Self
017080006,3:Self
017090008,3:Self
017095201,3:Self
017100001,3:Self
017100008,3:Self
017120001,3:Self
017120004,3:Self
017120005,3:Self
017125202,3:Self
017130002,3:Self
017130008,3:Self
017130009,3:Self
017160009,3:Self
017165401,3:Self
017165501,3:Self
017170007,3:Self
017180001,3:Self
017180011,3:Self
017184301,3:Self
017200003,3:Self
017205201,3:Self
018025101,3:Self
018025201,3:Self
018030010,3:Self
018040007,3:Self
018043204,3:Self
018090007,3:Self
018091101,3:Self
018110003,3:Self
018160002,1:Parents
018160007,3:Self
018175102,3:Self
018180006,3:Self
018190008,3:Self
018200001,3:Self
019040001,3:Self
019084102,3:Self
019084201,3:Self
019090002,3:Self
019090004,3:Self
019100003,3:Self
019100011,3:Self
019100016,3:Self
019120003,3:Self
020010001,3:Self
020010002,3:Self
020050004,3:Self
020110001,3:Self
020120001,3:Self
020153101,3:Self
020184101,3:Self
020195101,3:Self
021010008,3:Self
021050007,3:Self
021070003,3:Self
021075202,3:Self
021110004,3:Self
021113103,3:Self
021130005,3:Self
021145101,3:Self
021150003,3:Self
021165101,3:Self
021190004,3:Self
021190008,3:Self
021195101,4:Other family member from parent
022010007,3:Self
022020012,3:Self
022055101,3:Self
022060004,3:Self
022080004,3:Self
022080007,3:Self
022085101,3:Self
022090005,3:Self
022090006,3:Self
022090007,3:Self
022100004,3:Self
022111104,3:Self
022140002,3:Self
022140008,3:Self
022170001,1:Parents
022175102,3:Self
022180002,4:Other family member from parent
022185101,3:Self
022190003,3:Self
023050006,3:Self
023075202,3:Self
023085107,3:Self
023100005,3:Self
023100006,3:Self
023100008,3:Self
023105401,3:Self
023110004,1:Parents
023110007,3:Self
023120004,3:Self
023140007,3:Self
023170005,3:Self
024010005,3:Self
024010006,3:Self
024014102,3:Self
024044404,3:Self
024050001,3:Self
024070005,3:Self
024080004,3:Self
024080007,3:Self
024080009,3:Self
024080013,3:Self
024084208,3:Self
024085101,3:Self
024090014,3:Self
024094201,3:Self
024140003,3:Self
024160016,3:Self
024161108,3:Self
024172105,3:Self
024200002,3:Self
024224102,3:Self
024230003,3:Self
024230004,3:Self
024280010,3:Self
025013101,3:Self
025040006,3:Self
025045101,3:Self
025060001,3:Self
025060004,3:Self
025084101,3:Self
025110004,3:Self
025110005,3:Self
025120001,3:Self
025120004,3:Self
025120008,3:Self
025125302,3:Self
025130004,3:Self
025155101,3:Self
025160006,3:Self
025180005,3:Self
025190004,3:Self
025193209,3:Self
026160005,3:Self
026410002,3:Self
027010011,3:Self
027020003,1:Parents
027040007,3:Self
027060009,3:Self
027070012,3:Self
027070013,1:Parents
027080003,3:Self
027090005,3:Self
027093202,3:Self
027093210,3:Self
027100003,3:Self
027110004,3:Self
027110005,3:Self
027110012,3:Self
027124103,3:Self
027130003,3:Self
027140002,3:Self
027160001,4:Other family member from parent
027165102,4:Other family member from parent
027203105,3:Self
027240004,3:Self
027240008,3:Self
027240011,3:Self
027253205,3:Self
027260005,3:Self
027263209,3:Self
027263210,3:Self
027281102,3:Self
027285102,3:Self
027290010,3:Self
027300003,3:Self
027430004,3:Self
028040010,3:Self
028040011,3:Self
028070006,3:Self
028100004,3:Self
028120006,3:Self
028160001,3:Self
028160002,3:Self
028170001,3:Self
028170002,3:Self
028170003,3:Self
028170011,3:Self
028200001,3:Self
028200008,3:Self
028205101,3:Self
028210009,3:Self
028215102,3:Self
028215203,3:Self
028250003,1:Parents
028250004,3:Self
028260003,3:Self
028275101,3:Self
028280003,3:Self
028280005,3:Self
028295101,3:Self
028420001,3:Self
029054201,1:Parents
029070006,4:Other family member from parent
029070007,3:Self
029074101,1:Parents
029090005,3:Self
029130002,3:Self
029170006,1:Parents
029180006,3:Self
029240004,3:Self
030040005,1:Parents
030040006,1:Parents
030060003,3:Self
030190006,3:Self
030215201,3:Self
030260003,3:Self
030260004,3:Self
030280007,3:Self
030285101,3:Self
030295101,3:Self
031053104,3:Self
031080004,3:Self
031120007,3:Self
031220012,3:Self
031250011,3:Self
031251104,5:Others
031260006,3:Self
031290004,3:Self
031305101,3:Self
032024101,3:Self
032030006,1:Parents
032050016,3:Self
032070005,3:Self
032093201,1:Parents
032200006,3:Self
032200008,3:Self
032270003,3:Self
032270004,3:Self
032290008,3:Self
032300007,3:Self
033010003,3:Self
033010005,3:Self
033030005,1:Parents
033050001,3:Self
033060001,3:Self
033060003,3:Self
033060009,3:Self
033060014,3:Self
033080004,3:Self
033090004,3:Self
033160003,1:Parents
033160004,3:Self
033170006,3:Self
033170008,3:Self
033210001,3:Self
033220003,3:Self
033220009,3:Self
033230005,3:Self
033230007,3:Self
033230015,1:Parents
033250015,1:Parents
033260004,3:Self
033260006,3:Self
033304304,4:Other family member from parent
034030001,3:Self
034030005,3:Self
034030010,3:Self
034030015,3:Self
034040008,3:Self
034040015,3:Self
034080005,3:Self
034085101,3:Self
034090005,3:Self
034090006,3:Self
034090010,3:Self
034105101,4:Other family member from parent
034110003,3:Self
034114201,3:Self
034130006,1:Parents
034150002,1:Parents
034150009,5:Others
034160014,3:Self
034190002,1:Parents
034204201,3:Self
035050009,3:Self
035070001,3:Self
035080007,3:Self
035080013,5:Others
035090005,3:Self
035090015,3:Self
035100008,3:Self
035100015,3:Self
035130002,3:Self
035130004,3:Self
035130011,3:Self
035130012,3:Self
035155101,3:Self
035160001,3:Self
035160002,3:Self
035160011,5:Others
035190009,3:Self
035204105,1:Parents
035410003,3:Self
035430010,3:Self
035440005,3:Self
035445201,3:Self
035450009,3:Self
036010010,3:Self
036030002,3:Self
036035201,3:Self
036040004,3:Self
036060002,3:Self
036085101,3:Self
036101104,3:Self
036110008,1:Parents
036120003,3:Self
036140003,3:Self
036195101,3:Self
036195201,3:Self
036203102,3:Self
037020009,3:Self
037070004,5:Others
037085101,3:Self
037113102,3:Self
037170001,3:Self
037174101,3:Self
037180003,3:Self
037180004,3:Self
038014104,3:Self
038060008,3:Self
038100006,3:Self
038105101,3:Self
038110004,3:Self
038114102,3:Self
038120008,3:Self
038120018,3:Self
038130003,3:Self
038140003,3:Self
038140007,3:Self
038160003,3:Self
038164301,3:Self
038180006,3:Self
038185101,3:Self
038190002,3:Self
038190004,3:Self
038200003,3:Self
038200005,3:Self
038200006,3:Self
038200012,3:Self
039010006,3:Self
039050008,3:Self
039080006,3:Self
039090009,3:Self
039100011,3:Self
039103105,3:Self
039104203,3:Self
039113203,3:Self
039140003,3:Self
039204101,3:Self
040010011,3:Self
040030005,3:Self
040035102,3:Self
040050006,3:Self
040060006,3:Self
040100008,3:Self
040170003,1:Parents
040190001,3:Self
040195101,3:Self
040231103,1:Parents
040250005,3:Self
040250009,3:Self
040260010,3:Self
041010003,3:Self
041010004,3:Self
041014101,3:Self
041015201,3:Self
041035101,3:Self
041060007,3:Self
041070005,3:Self
041090004,3:Self
041100005,3:Self
041100007,3:Self
041110004,3:Self
041125101,3:Self
041130007,3:Self
041135101,3:Self
041135502,3:Self
041170009,3:Self
041185101,3:Self
041190003,3:Self
041210003,3:Self
041220003,3:Self
041220006,3:Self
041240004,3:Self
041250005,3:Self
041250006,3:Self
041270005,3:Self
041275102,3:Self
041280001,1:Parents
041280002,3:Self
041280003,3:Self
041285201,3:Self
041415101,3:Self
041415201,3:Self
041425301,3:Self
041430001,3:Self
041430002,3:Self
041430005,3:Self
041435201,3:Self
041440008,3:Self
041441202,1:Parents
041445202,3:Self
041445301,3:Self
041445401,3:Self
041450001,3:Self
041450008,3:Self
042010005,3:Self
042020001,1:Parents
042020009,3:Self
042024203,3:Self
042024302,3:Self
042025101,3:Self
042030004,3:Self
042040006,3:Self
042074102,3:Self
042091105,3:Self
042095101,3:Self
042100005,3:Self
042110004,3:Self
042130005,3:Self
042130006,3:Self
042150010,1:Parents
042170004,3:Self
042170006,3:Self
042180018,3:Self
042195101,3:Self
042220004,3:Self
042230006,3:Self
042230007,3:Self
042235101,3:Self
042240003,3:Self
042240004,3:Self
042255101,3:Self
042264202,3:Self
042280003,3:Self
042280004,3:Self
042290003,3:Self
042300007,3:Self
043014103,3:Self
043015101,3:Self
043020006,3:Self
043030005,3:Self
043035101,3:Self
043070003,3:Self
043080003,3:Self
043090001,3:Self
043110001,3:Self
043130004,3:Self
043140012,3:Self
043150013,1:Parents
043154301,3:Self
043161104,3:Self
043161105,3:Self
043165103,3:Self
043165203,3:Self
043170012,3:Self
043175101,3:Self
043180001,3:Self
043200004,3:Self
043210006,3:Self
043210007,3:Self
043230003,3:Self
043250008,3:Self
043250011,3:Self
043255202,3:Self
043260004,3:Self
043271103,3:Self
043275201,3:Self
044013104,3:Self
044020003,3:Self
044050004,3:Self
044050011,3:Self
044054103,3:Self
044065103,3:Self
044085101,3:Self
044090001,3:Self
044090003,3:Self
044104105,3:Self
044105101,3:Self
044120003,3:Self
044120007,3:Self
044140001,3:Self
044164104,3:Self
044180006,3:Self
044180007,3:Self
044180011,3:Self
044185201,3:Self
044230010,3:Self
044234101,3:Self
044240003,3:Self
044250001,3:Self
044250004,3:Self
044260003,3:Self
044263105,3:Self
044290005,3:Self
045010004,3:Self
045040005,3:Self
045070009,3:Self
045070010,3:Self
045075101,3:Self
045110004,3:Self
045110009,3:Self
045140005,3:Self
045150015,3:Self
045153207,3:Self
045155101,3:Self
045180005,3:Self
045210006,3:Self
045220005,3:Self
045230005,3:Self
045244107,3:Self
045250006,3:Self
045260006,3:Self
045270003,3:Self
045283104,3:Self
045290003,3:Self
045290005,3:Self
045290007,3:Self
045290010,3:Self
045300004,3:Self
046020002,3:Self
046020004,3:Self
046020008,3:Self
046050006,3:Self
046050009,3:Self
046060008,3:Self
046070002,3:Self
046070003,3:Self
046074201,3:Self
046085101,3:Self
046100001,3:Self
046100010,3:Self
046101108,3:Self
046140003,3:Self
046140007,3:Self
046150004,3:Self
046150007,3:Self
046160004,5:Others
046160005,3:Self
046200005,3:Self
047010002,3:Self
047010004,3:Self
047010005,3:Self
047010009,3:Self
047020007,3:Self
047030004,3:Self
047030008,3:Self
047030010,3:Self
047040005,3:Self
047060004,3:Self
047084101,3:Self
047120003,3:Self
047140007,3:Self
047150004,3:Self
047155101,3:Self
047155201,3:Self
047160003,3:Self
047160007,3:Self
047185101,3:Self
047190017,3:Self
047193108,3:Self
047200003,3:Self
047205201,3:Self
047220009,3:Self
047225101,3:Self
047230006,3:Self
047240010,3:Self
047245101,4:Other family member from parent
047280003,3:Self
047290006,3:Self
047300006,3:Self
048010005,3:Self
048011105,3:Self
048090005,3:Self
048090006,3:Self
048100004,3:Self
048124105,3:Self
048125101,3:Self
048160008,3:Self
048170004,3:Self
048170005,3:Self
048170009,3:Self
048180003,3:Self
048190005,3:Self
048200006,3:Self
048235101,3:Self
048295001,3:Self
049020002,1:Parents
049020004,3:Self
049070006,3:Self
049080003,3:Self
049120005,3:Self
049140009,3:Self
049145101,3:Self
049145201,3:Self
049160003,3:Self
049200003,3:Self
050060016,3:Self
050080006,3:Self
050080009,3:Self
050080013,3:Self
050100006,3:Self
050100009,3:Self
050114101,3:Self
050115101,3:Self
050130008,3:Self
050140001,3:Self
050144208,3:Self
050160006,3:Self
050170006,3:Self
050190001,3:Self
050190006,4:Other family member from parent
050420006,3:Self
051010004,3:Self
051070007,1:Parents
051070010,3:Self
051100003,3:Self
051100005,3:Self
051140008,3:Self
051160003,3:Self
051160007,3:Self
051160008,3:Self
051170008,3:Self
052010004,3:Self
052054201,3:Self
052135103,3:Self
053050004,3:Self
053050014,3:Self
053055201,3:Self
053160004,3:Self
053180003,4:Other family member from parent
054030003,3:Self
054035201,3:Self
054040004,3:Self
054100007,3:Self
054120005,3:Self
054120011,3:Self
054130003,3:Self
054130005,3:Self
054130009,3:Self
054140002,3:Self
054150001,3:Self
054150003,3:Self
054150004,3:Self
054155102,3:Self
054160003,3:Self
054180007,3:Self
054190006,3:Self
054190008,3:Self
055070005,3:Self
055075101,3:Self
055080002,3:Self
055080003,3:Self
055110003,3:Self
055110004,3:Self
055110006,3:Self
055140005,3:Self
055151105,3:Self
055160004,3:Self
055170003,3:Self
055200012,3:Self
056040006,3:Self
056040007,3:Self
056080006,3:Self
056091107,3:Self
056110005,3:Self
056120003,3:Self
056120009,3:Self
056135101,3:Self
056140003,3:Self
056140007,3:Self
056145101,3:Self
056150004,3:Self
056160006,3:Self
056165101,3:Self
056180003,3:Self
056180009,4:Other family member from parent
057010006,3:Self
057010010,3:Self
057020010,3:Self
057023115,3:Self
057025103,3:Self
057055201,3:Self
057060006,3:Self
057070009,3:Self
057110003,3:Self
057120005,3:Self
057120006,3:Self
057150004,3:Self
057165101,3:Self
057170004,3:Self
057170008,1:Parents
057174104,3:Self
057174202,3:Self
057200004,3:Self
057210003,3:Self
057210004,3:Self
057250003,3:Self
057250004,3:Self
057265101,3:Self
057270005,3:Self
057290003,3:Self
057300003,3:Self
058010004,3:Self
058020004,3:Self
058040004,3:Self
058080003,3:Self
058084106,3:Self
058085301,3:Self
058090005,3:Self
058120010,3:Self
058150007,3:Self
058175101,3:Self
058180003,3:Self
058180004,3:Self
058180005,3:Self
058180006,3:Self
058215101,3:Self
058220004,3:Self
058225201,3:Self
058245103,3:Self
058255201,3:Self
058265101,3:Self
058265201,3:Self
058275101,3:Self
058283101,3:Self
058285103,3:Self
058290008,3:Self
058295103,3:Self
058305101,3:Self
059010004,3:Self
059010006,3:Self
059040005,3:Self
059061101,3:Self
059065101,3:Self
059080006,3:Self
059105101,3:Self
059130006,3:Self
059133205,3:Self
059200006,3:Self
059233106,3:Self
059270003,3:Self
059275101,3:Self
059300007,3:Self
060010004,3:Self
060030004,3:Self
060035102,3:Self
060060007,3:Self
060080003,3:Self
060080004,3:Self
060084204,3:Self
060085203,3:Self
060100004,3:Self
060115101,3:Self
060124203,3:Self
060140005,3:Self
060140006,3:Self
060150008,3:Self
060160003,3:Self
060170003,3:Self
060170007,3:Self
060190005,3:Self
060190010,3:Self
060194105,3:Self
060200004,3:Self
060220004,3:Self
060225101,3:Self
060230003,3:Self
060235201,3:Self
060250004,3:Self
060250005,3:Self
060255301,3:Self
060275102,3:Self
060300006,1:Parents
061010003,3:Self
061010004,3:Self
061020001,3:Self
061020005,3:Self
061024001,3:Self
061030006,3:Self
061070007,3:Self
061090010,3:Self
061093108,3:Self
061110004,3:Self
061110006,3:Self
061110007,3:Self
061130004,3:Self
061130005,3:Self
061135001,3:Self
061140004,3:Self
061140006,3:Self
061145101,3:Self
061160005,3:Self
061165103,3:Self
061175101,3:Self
061190009,3:Self
061220001,3:Self
061250007,3:Self
061294102,3:Self
061300005,3:Self
062010004,3:Self
062015101,3:Self
062030005,3:Self
062070003,3:Self
062110003,3:Self
062110004,3:Self
062120005,3:Self
062120007,3:Self
062145101,3:Self
062150004,3:Self
062160007,3:Self
062170001,3:Self
062184102,3:Self
062194203,3:Self
062195101,3:Self
062200005,3:Self
062200011,3:Self
062210004,3:Self
062220007,3:Self
062220010,3:Self
062245101,3:Self
062270003,3:Self
062280001,3:Self
062280002,3:Self
062280003,3:Self
062300003,3:Self
063010003,3:Self
063030004,3:Self
063033101,3:Self
063040003,3:Self
063045205,3:Self
063090005,3:Self
063125101,3:Self
063130002,3:Self
063130008,3:Self
063135201,3:Self
063180003,3:Self
063190001,3:Self
063190004,3:Self
063195101,3:Self
063200003,3:Self
063210003,3:Self
063220003,3:Self
063224104,3:Self
063230001,3:Self
063230005,3:Self
063230009,3:Self
063235301,3:Self
063250006,1:Parents
063260004,3:Self
063285101,3:Self
064060005,3:Self
064060011,3:Self
064065101,3:Self
064065104,1:Parents
064065301,3:Self
064070005,3:Self
064080011,3:Self
064140005,3:Self
064220003,3:Self
064220006,3:Self
064250010,1:Parents
064260003,3:Self
064260008,3:Self
064265201,1:Parents
065010003,3:Self
065010009,3:Self
065030008,3:Self
065050010,3:Self
065070008,3:Self
065080003,3:Self
065080005,3:Self
065080015,3:Self
065085303,3:Self
065120004,3:Self
065154103,3:Self
065180001,3:Self
065200007,3:Self
066050004,3:Self
066055101,3:Self
066114101,3:Self
066124105,3:Self
066130004,3:Self
066140004,3:Self
067010003,3:Self
067020003,3:Self
067020013,3:Self
067040005,3:Self
067040008,3:Self
067120001,3:Self
067200004,3:Self
068030003,3:Self
068050008,3:Self
068050010,3:Self
068074101,3:Self
068134301,3:Self
068134401,3:Self
068140003,3:Self
068190003,3:Self
068190014,3:Self
068193101,3:Self
070070003,3:Self
070120001,1:Parents
070133103,3:Self
070160005,3:Self
070160011,3:Self
070185102,5:Others
070200001,3:Self
070200003,3:Self
070430003,3:Self
071060006,3:Self
071090011,3:Self
071120006,3:Self
071140005,3:Self
071140011,3:Self
071145101,3:Self
071165001,3:Self
071170003,3:Self
071170012,3:Self
071430001,3:Self
072170004,3:Self
073070005,3:Self
073070009,3:Self
073085102,3:Self
073100003,3:Self
073110001,3:Self
073110006,3:Self
073140004,3:Self
073144107,3:Self
073160003,5:Others
073170006,3:Self
073410002,1:Parents
073420004,3:Self
074020003,3:Self
074030011,3:Self
074035101,3:Self
074040001,3:Self
074060001,1:Parents
074120003,3:Self
074130004,3:Self
074130007,3:Self
074175101,3:Self
074200005,3:Self
074200006,3:Self
074420002,1:Parents
075060005,3:Self
075160005,3:Self
075190005,3:Self
076023301,3:Self
076030001,3:Self
076030004,3:Self
076080002,3:Self
077010003,3:Self
077014101,3:Self
077023201,3:Self
077460004,3:Self
077460010,3:Self
077470004,3:Self
077475201,3:Self
078100006,3:Self
078205101,3:Self
078434102,3:Self
079020005,3:Self
079090008,3:Self
079095101,3:Self
079110008,3:Self
079140003,3:Self
079410006,3:Self
079414101,3:Self
080110003,3:Self
080112102,5:Others
080180005,9:MISSING
081011103,3:Self
081030006,3:Self
081060006,3:Self
081060013,3:Self
081070002,3:Self
081080002,3:Self
081100009,3:Self
081155102,3:Self
081200002,3:Self
082020004,3:Self
082055101,3:Self
082070005,3:Self
082100003,3:Self
082114304,3:Self
082130002,3:Self
082140001,3:Self
082140002,3:Self
083050004,3:Self
083050005,3:Self
083095101,3:Self
083104203,3:Self
083120005,3:Self
083140003,3:Self
083150001,3:Self
083170001,3:Self
084020004,3:Self
084053106,3:Self
084060010,4:Other family member from parent
084070011,3:Self
084070012,3:Self
084070017,4:Other family member from parent
084073103,3:Self
084073106,3:Self
084075101,3:Self
084160001,3:Self
084165101,3:Self
085010001,3:Self
085020007,3:Self
085020008,3:Self
085030002,3:Self
085053101,3:Self
085090001,3:Self
085110001,4:Other family member from parent
085110002,4:Other family member from parent
085110013,3:Self
085120002,1:Parents
085160009,3:Self
085190009,3:Self
086040009,3:Self
086050013,3:Self
086055101,3:Self
086063108,3:Self
086140003,3:Self
086180012,3:Self
086200004,3:Self
087020011,3:Self
087060001,3:Self
087060002,3:Self
087065101,3:Self
087070003,3:Self
088140004,3:Self
088170009,3:Self
088175101,3:Self
089045101,3:Self
089100003,1:Parents
089100004,3:Self
089110008,3:Self
090040007,3:Self
090044103,3:Self
090045101,3:Self
090053103,3:Self
090060001,3:Self
090060002,3:Self
090410003,3:Self
091020012,3:Self
091080003,3:Self
091084203,3:Self
091085103,3:Self
091090005,3:Self
091090007,5:Others
091095201,3:Self
091185201,3:Self
092030005,3:Self
092030011,3:Self
092040012,3:Self
092135101,3:Self
093010011,3:Self
093030003,3:Self
093040003,5:Others
093065101,3:Self
093065201,3:Self
093100004,3:Self
093124302,3:Self
093164202,3:Self
093200008,3:Self
094020006,3:Self
094030001,3:Self
094030003,3:Self
094070001,3:Self
094090001,3:Self
094100003,3:Self
094115101,3:Self
095140006,3:Self
095160002,3:Self
095190005,3:Self
095455101,3:Self
096010012,3:Self
096030006,3:Self
096040004,3:Self
096170005,4:Other family member from parent
096195101,3:Self
096200002,3:Self
097040005,3:Self
097080012,3:Self
097173101,3:Self
097173210,3:Self
097175101,3:Self
097180011,3:Self
097205201,3:Self
098070010,3:Self
098090011,3:Self
098110005,3:Self
098180013,3:Self
099010003,3:Self
099020005,3:Self
099030004,3:Self
099060004,3:Self
099075105,3:Self
099110005,3:Self
099110013,3:Self
099150004,3:Self
099150006,3:Self
099170003,4:Other family member from parent
099190004,3:Self
100015101,3:Self
100035101,3:Self
100044104,3:Self
100050001,3:Self
100050002,3:Self
100080007,3:Self
100090001,1:Parents
100095101,3:Self
100170004,3:Self
100410005,3:Self
100430003,1:Parents
100430006,3:Self
100430007,3:Self
100435101,3:Self
100435301,3:Self
101050003,3:Self
101055201,3:Self
101060002,3:Self
101125101,3:Self
101134104,3:Self
102020006,3:Self
102025202,3:Self
102035201,3:Self
102060003,3:Self
102064103,3:Self
102064104,3:Self
102084105,3:Self
102110005,3:Self
102115101,3:Self
102115501,3:Self
102120009,3:Self
102133109,3:Self
102134207,3:Self
102170005,3:Self
102174105,3:Self
102175101,3:Self
102190009,3:Self
103040001,3:Self
103040002,3:Self
103200002,3:Self
104010003,1:Parents
104013101,3:Self
104030004,3:Self
104030007,3:Self
104070001,3:Self
104100003,3:Self
104120005,3:Self
104154201,3:Self
104185101,3:Self
105100003,3:Self
105110003,3:Self
105140013,3:Self
105150004,3:Self
105150005,3:Self
105150007,3:Self
105164101,3:Self
105180010,3:Self
105410003,3:Self
106070006,3:Self
106080004,3:Self
106103106,3:Self
106150003,3:Self
106150010,3:Self
106154402,3:Self
107055107,3:Self
107063105,3:Self
107070004,3:Self
107075102,3:Self
107120003,3:Self
107144201,3:Self
107150002,3:Self
107170003,3:Self
107180005,3:Self
107194303,3:Self
107245102,3:Self
107260007,3:Self
107280005,3:Self
107290001,3:Self
107290004,3:Self
107290006,1:Parents
107295101,3:Self
108020002,3:Self
108030003,3:Self
108040004,3:Self
108055101,3:Self
108070004,3:Self
108135101,3:Self
108135201,3:Self
108205101,3:Self
109030005,3:Self
109040005,3:Self
109060009,3:Self
109070006,3:Self
109090003,1:Parents
109150004,1:Parents
109154107,3:Self
109220003,3:Self
109250009,3:Self
109254102,3:Self
110015101,3:Self
110030009,3:Self
110040005,3:Self
110055102,3:Self
110060004,3:Self
110060006,3:Self
110120003,3:Self
110130004,3:Self
110151104,3:Self
110160004,3:Self
110160007,3:Self
110185101,3:Self
110190005,3:Self
110205101,3:Self
110250001,3:Self
110250002,3:Self
110290003,1:Parents
110290009,3:Self
111040006,3:Self
111050003,3:Self
111050005,3:Self
111080002,3:Self
111090004,3:Self
111124102,3:Self
111130006,3:Self
111190005,3:Self
112020003,3:Self
112160001,3:Self
112160006,3:Self
113010008,3:Self
113024401,3:Self
113030003,3:Self
113060005,3:Self
113060007,3:Self
113064205,3:Self
113070003,3:Self
113070004,3:Self
113100003,3:Self
113130003,3:Self
113130004,3:Self
113135201,3:Self
113165202,3:Self
113170008,3:Self
113171109,3:Self
113180005,3:Self
113190001,3:Self
114020004,3:Self
114020007,3:Self
114050004,3:Self
114080007,3:Self
114110003,3:Self
114150011,3:Self
114170003,3:Self
114175201,3:Self
114180015,3:Self
114185101,3:Self
114190004,3:Self
114190009,3:Self
114200003,5:Others
115020009,3:Self
115070004,3:Self
115085301,1:Parents
115095101,3:Self
115140004,3:Self
115140010,3:Self
115150009,3:Self
115170003,3:Self
115180003,3:Self
115180007,3:Self
115200004,3:Self
115220005,3:Self
115255101,3:Self
116060003,3:Self
116065101,3:Self
116070004,3:Self
116075101,3:Self
116090003,3:Self
116135101,3:Self
116170005,3:Self
116180003,3:Self
116190003,3:Self
116190004,3:Self
116210003,3:Self
117040008,3:Self
117120003,3:Self
117120010,3:Self
117130006,3:Self
117185203,3:Self
118035101,3:Self
118090003,3:Self
118090004,3:Self
118130004,3:Self
118150004,3:Self
118162105,3:Self
118240002,3:Self
118243101,3:Self
118290003,3:Self
119020007,3:Self
119040001,3:Self
119070001,3:Self
119090001,3:Self
119090006,3:Self
119110003,3:Self
119150003,3:Self
119150004,3:Self
119170003,3:Self
119180005,3:Self
119190006,3:Self
119223101,3:Self
119240003,3:Self
119280004,3:Self
119280006,3:Self
119290002,3:Self
119300004,3:Self
120030003,3:Self
120030014,3:Self
120040001,3:Self
120045102,3:Self
120090004,5:Others
120114201,3:Self
120120004,3:Self
120150009,3:Self
120154402,3:Self
120160014,3:Self
120210001,3:Self
120260004,3:Self
120260005,3:Self
120260006,3:Self
120280007,3:Self
120290004,3:Self
121010008,3:Self
121015202,3:Self
121020001,3:Self
121110001,3:Self
121113401,3:Self
121125102,3:Self
121130004,3:Self
121155202,3:Self
121190010,3:Self
121195202,3:Self
121195301,3:Self
121200004,3:Self
121200005,3:Self
121220003,3:Self
121244103,3:Self
121270006,3:Self
122010012,3:Self
122020003,3:Self
122025203,3:Self
122060003,3:Self
122070004,3:Self
122090003,3:Self
122095201,3:Self
122105101,3:Self
122110004,1:Parents
122120004,3:Self
122180006,3:Self
122190008,3:Self
122193301,3:Self
123010003,3:Self
123010005,3:Self
123020007,3:Self
123020013,3:Self
123020014,3:Self
123020017,3:Self
123030005,3:Self
123040003,3:Self
123060003,3:Self
123090005,3:Self
123090006,3:Self
123150004,1:Parents
123170008,3:Self
123190003,3:Self
123190004,3:Self
124020004,3:Self
124045102,3:Self
124060005,3:Self
124060006,3:Self
124080002,3:Self
124080003,3:Self
124080004,3:Self
124090003,3:Self
124103201,3:Self
124160002,3:Self
124170004,3:Self
124182104,3:Self
125020005,3:Self
125040001,3:Self
125070008,3:Self
125080001,3:Self
125110001,4:Other family member from parent
125120002,3:Self
125120003,1:Parents
125140003,4:Other family member from parent
125210007,3:Self
125260003,1:Parents
125270004,3:Self
125280003,3:Self
125280006,3:Self
126010006,3:Self
126030007,3:Self
126034106,3:Self
126040005,3:Self
126080006,3:Self
126080009,3:Self
126090003,3:Self
126090015,3:Self
126094105,3:Self
126120006,3:Self
126120011,3:Self
126120012,3:Self
126150008,3:Self
126155101,3:Self
126170003,3:Self
126170004,3:Self
126180011,3:Self
127010001,3:Self
127010002,3:Self
127020005,3:Self
127040005,3:Self
127060001,3:Self
127060002,3:Self
127060008,3:Self
127083104,3:Self
127094101,3:Self
127100003,3:Self
127100007,3:Self
127160001,3:Self
127170004,1:Parents
127180004,3:Self
127181104,3:Self
127195101,3:Self
127200005,3:Self
127230006,3:Self
127230008,3:Self
127230009,5:Others
127240003,3:Self
127270005,3:Self
127304105,3:Self
128010012,3:Self
128030011,3:Self
128055101,3:Self
128060004,3:Self
128060007,3:Self
128060010,3:Self
128070012,3:Self
128075101,3:Self
128105101,3:Self
128130003,3:Self
128160003,3:Self
128160004,3:Self
129010003,3:Self
129074105,3:Self
129120003,3:Self
129120006,3:Self
130010001,3:Self
130010007,3:Self
130020003,3:Self
130030007,3:Self
130080003,3:Self
130110004,3:Self
130140003,3:Self
130160005,3:Self
130175102,3:Self
130214105,3:Self
130230006,3:Self
130250001,3:Self
130300005,3:Self
131030013,3:Self
131070005,3:Self
131080004,3:Self
131125101,3:Self
131140007,3:Self
131140016,3:Self
131145102,5:Others
131160005,3:Self
131171105,3:Self
132100001,3:Self
132190003,3:Self
132190005,3:Self
132200003,3:Self
133030007,3:Self
133040004,3:Self
133040005,3:Self
133051203,3:Self
133054305,3:Self
133080003,3:Self
133120012,3:Self
133145101,3:Self
133164101,3:Self
133165101,3:Self
133165201,3:Self
133165301,3:Self
133170003,3:Self
133180004,3:Self
133185101,3:Self
133210005,3:Self
133230007,3:Self
133250001,3:Self
133250002,3:Self
133260002,3:Self
133270001,3:Self
133270004,3:Self
133290004,3:Self
133300004,3:Self
134040001,3:Self
134040006,3:Self
134080003,3:Self
134145101,3:Self
134150004,3:Self
134154105,3:Self
134160003,3:Self
134180003,3:Self
134180004,3:Self
134230001,3:Self
134230007,3:Self
134243103,3:Self
134244103,3:Self
134250004,3:Self
134305101,3:Self
135030005,3:Self
135050003,3:Self
135060003,3:Self
135060004,3:Self
135080003,3:Self
135124102,3:Self
136020004,3:Self
136020008,3:Self
136050005,3:Self
136070003,3:Self
136110003,3:Self
136110007,3:Self
136130003,3:Self
136140003,3:Self
136140004,3:Self
136150004,3:Self
136175101,3:Self
136180003,3:Self
136200005,3:Self
136200006,3:Self
136210010,3:Self
136220003,3:Self
136230005,3:Self
136241201,3:Self
136244104,3:Self
136250005,3:Self
136275202,3:Self
136294101,3:Self
136300005,3:Self
137010004,3:Self
137020005,3:Self
137020008,3:Self
137045201,3:Self
137064103,3:Self
137090005,3:Self
137100001,3:Self
137100006,3:Self
137110004,3:Self
137130005,3:Self
137130006,3:Self
137140005,3:Self
137150007,3:Self
137163101,3:Self
137170009,3:Self
137170010,3:Self
137205101,3:Self
137210005,3:Self
137230009,3:Self
137250003,3:Self
137290004,3:Self
137290006,3:Self
137290009,3:Self
138010001,3:Self
138040004,3:Self
138050001,3:Self
138050005,4:Other family member from parent
138060003,3:Self
138073101,3:Self
138090003,3:Self
138130005,3:Self
138170005,3:Self
138210002,3:Self
138210003,3:Self
138250006,3:Self
138254103,4:Other family member from parent
138260007,3:Self
138300009,3:Self
138300015,3:Self
138305201,3:Self
139010001,3:Self
139010002,3:Self
139030007,3:Self
139090004,3:Self
139090005,3:Self
139100004,5:Others
139170003,3:Self
139170007,3:Self
140040006,3:Self
140070003,3:Self
140110007,3:Self
140135101,3:Self
140140004,3:Self
140200003,3:Self
140200004,3:Self
141020003,3:Self
141023107,3:Self
141035101,3:Self
141060004,3:Self
141070003,3:Self
141070005,3:Self
141070006,3:Self
141080005,4:Other family member from parent
141090005,3:Self
141105301,3:Self
141105401,3:Self
141110008,3:Self
141110009,3:Self
141140010,3:Self
141150006,3:Self
141190003,3:Self
141190004,3:Self
141205101,3:Self
141210011,3:Self
141240005,3:Self
141245301,3:Self
141260007,3:Self
141280005,3:Self
141280007,3:Self
141280013,3:Self
141290012,3:Self
142010005,3:Self
142030008,3:Self
142040005,3:Self
142054103,3:Self
142095201,3:Self
142100003,3:Self
142110008,1:Parents
142140008,3:Self
142150008,3:Self
142155201,3:Self
142160003,3:Self
142160004,3:Self
142160007,3:Self
142180018,3:Self
142200007,3:Self
142210007,3:Self
142220012,3:Self
142260007,3:Self
142275101,3:Self
142285101,3:Self
142290011,3:Self
142295101,3:Self
142300003,3:Self
143020007,3:Self
143050005,3:Self
143053104,3:Self
143060003,3:Self
143060004,3:Self
143140002,1:Parents
143150007,3:Self
143160008,3:Self
143170003,3:Self
143180004,3:Self
143182106,3:Self
143185102,1:Parents
143192106,3:Self
143195202,3:Self
143195301,3:Self
143213102,3:Self
143220001,3:Self
143230007,3:Self
143240002,3:Self
143260003,3:Self
143270005,3:Self
143290004,3:Self
143290006,3:Self
143305102,3:Self
144110003,3:Self
144115101,3:Self
144130003,3:Self
144140004,3:Self
144160004,3:Self
144173101,3:Self
145020005,3:Self
145020009,3:Self
145030003,3:Self
145030004,3:Self
145040001,3:Self
145050007,3:Self
145080003,3:Self
145085201,3:Self
145090004,3:Self
145100004,3:Self
145100006,3:Self
145105201,3:Self
145110003,4:Other family member from parent
145110007,3:Self
145120013,3:Self
145140004,3:Self
145155101,3:Self
145160007,3:Self
145160010,3:Self
145164101,3:Self
145173103,3:Self
145180005,3:Self
145230004,3:Self
145234105,3:Self
145240007,3:Self
145300004,1:Parents
146075101,3:Self
146080005,3:Self
146115202,3:Self
146130015,3:Self
147020003,3:Self
147021107,3:Self
147035101,3:Self
147070003,3:Self
147090002,3:Self
147160005,3:Self
147163101,3:Self
148060007,3:Self
148124101,1:Parents
148140003,3:Self
149020005,4:Other family member from parent
149030005,3:Self
149034201,3:Self
149195102,3:Self
150030008,3:Self
150030014,3:Self
150070006,3:Self
150165102,3:Self
151010005,3:Self
151010006,3:Self
151110001,3:Self
152010005,3:Self
152050005,3:Self
152070006,3:Self
152100004,3:Self
152120001,3:Self
152130004,3:Self
152160003,3:Self
152160004,3:Self
152190005,3:Self
153040001,3:Self
153040002,3:Self
153150006,3:Self
153170008,3:Self
153175102,3:Self
153190009,3:Self
154010001,3:Self
154010010,3:Self
154020003,3:Self
154020005,3:Self
154050003,3:Self
154050005,3:Self
154090004,3:Self
154120008,3:Self
154124101,3:Self
154124201,3:Self
154170005,3:Self
154190004,3:Self
154200003,3:Self
155134101,3:Self
155190008,3:Self
155200003,3:Self
157020002,3:Self
157070006,3:Self
157070017,3:Self
157110012,3:Self
157170003,3:Self
157175202,3:Self
158030004,3:Self
158030005,3:Self
158060009,3:Self
158060010,3:Self
158060012,3:Self
158140007,3:Self
158201103,3:Self
158201106,3:Self
159010007,3:Self
159060003,3:Self
159060004,3:Self
159100010,3:Self
159110008,3:Self
159120005,3:Self
159123201,3:Self
159143102,3:Self
159150005,3:Self
159170006,3:Self
159180003,3:Self
159210004,3:Self
159210007,3:Self
159230005,3:Self
159242108,3:Self
159245303,3:Self
159270003,3:Self
159270004,3:Self
159280010,3:Self
159283101,3:Self
159290005,3:Self
159290006,3:Self
160030005,3:Self
160034102,3:Self
160050006,3:Self
160053108,3:Self
160065102,3:Self
160070003,3:Self
160070005,3:Self
160070012,3:Self
160105101,3:Self
160115201,3:Self
160140008,3:Self
160150003,3:Self
160190005,3:Self
160200003,3:Self
161010001,3:Self
161010006,5:Others
161020004,3:Self
161030004,3:Self
161035101,3:Self
161040003,3:Self
161040004,3:Self
161050003,3:Self
161060010,3:Self
161070004,3:Self
161075102,3:Self
161075301,3:Self
161085201,3:Self
161120011,3:Self
161134103,3:Self
161140004,3:Self
161160004,3:Self
161160007,3:Self
161170003,3:Self
162020004,3:Self
162030004,3:Self
162033101,3:Self
162060003,1:Parents
162110004,3:Self
162120003,3:Self
162150003,3:Self
162160003,3:Self
162180002,3:Self
162180004,3:Self
162180005,3:Self
162190005,3:Self
162204102,3:Self
163030004,3:Self
163050003,3:Self
163070001,3:Self
163100004,3:Self
163145201,3:Self
163150007,3:Self
163184108,3:Self
163184109,3:Self
163200006,3:Self
163200007,3:Self
163201103,3:Self
163230007,1:Parents
163230010,1:Parents
163235101,3:Self
163244103,3:Self
163260004,3:Self
163275101,3:Self
163280001,3:Self
163300004,3:Self
164010005,3:Self
164020001,3:Self
164020013,3:Self
164030003,3:Self
164030004,3:Self
164050003,3:Self
164050009,3:Self
164070005,3:Self
164090003,3:Self
164105103,3:Self
164110002,3:Self
164120010,3:Self
164124106,3:Self
164140006,3:Self
164160005,3:Self
164174102,3:Self
164175105,3:Self
164180005,3:Self
164190003,3:Self
164190005,3:Self
164220001,3:Self
164220004,3:Self
164220006,3:Self
164225102,3:Self
164230009,3:Self
164240003,3:Self
164240004,3:Self
164260004,3:Self
164270006,3:Self
164273101,3:Self
164280005,3:Self
164300004,3:Self
165010005,3:Self
165025101,3:Self
165035102,3:Self
165050004,3:Self
165055201,3:Self
165060003,3:Self
165064102,3:Self
165070004,3:Self
165080003,3:Self
165080006,3:Self
165085101,3:Self
165120009,3:Self
165155103,3:Self
165155203,3:Self
165155303,3:Self
165190005,3:Self
165200003,3:Self
165200007,3:Self
165205201,3:Self
165220004,3:Self
165303102,3:Self
165304102,3:Self
166034102,3:Self
166050003,3:Self
166060005,3:Self
166060006,3:Self
166065101,3:Self
166070004,3:Self
166120005,3:Self
166125201,3:Self
166130001,3:Self
166130003,3:Self
166130007,1:Parents
166185101,1:Parents
166204202,3:Self
166210005,3:Self
166260003,3:Self
166270001,3:Self
166290003,3:Self
166290004,3:Self
167010003,3:Self
167020003,3:Self
167024102,3:Self
167050003,3:Self
167100008,3:Self
167120004,3:Self
167144103,3:Self
167144203,3:Self
167185101,3:Self
167200005,3:Self
167205301,3:Self
167210004,3:Self
167210005,3:Self
167220004,3:Self
167223105,3:Self
167225103,3:Self
167225301,3:Self
167280003,3:Self
167300004,3:Self
167304103,1:Parents
168010007,3:Self
168010011,3:Self
168060004,3:Self
168105101,3:Self
168120004,3:Self
168130006,3:Self
168134102,3:Self
168140001,3:Self
168165101,3:Self
168180007,3:Self
168190004,3:Self
168190006,3:Self
168190007,3:Self
168210005,3:Self
168220005,3:Self
168225204,3:Self
168230003,3:Self
168245101,3:Self
168260003,3:Self
168280004,3:Self
168290003,3:Self
168305101,1:Parents
169030003,3:Self
169034103,3:Self
169040003,3:Self
169070005,3:Self
169090004,3:Self
169090007,3:Self
169095101,3:Self
169123101,3:Self
169130003,3:Self
169130004,3:Self
169130011,3:Self
169140003,3:Self
169150003,3:Self
169180006,3:Self
169183101,3:Self
169190003,3:Self
169195101,3:Self
169200003,3:Self
169214101,3:Self
169250008,3:Self
169254203,3:Self
169290008,3:Self
169294202,3:Self
170040006,3:Self
170080006,3:Self
170140006,3:Self
170150002,3:Self
170150004,3:Self
170190002,1:Parents
171010008,3:Self
171040004,3:Self
171045101,3:Self
171050003,3:Self
171080004,3:Self
171085101,3:Self
171165001,3:Self
171190009,3:Self
171200007,3:Self
171200009,3:Self
171210006,3:Self
171215401,3:Self
171223108,3:Self
171234104,3:Self
171235101,3:Self
171270007,3:Self
171300002,1:Parents
172025102,3:Self
172040004,3:Self
172160002,3:Self
172170004,3:Self
172190012,3:Self
172193103,3:Self
172194102,3:Self
172200003,3:Self
173060003,3:Self
173140007,3:Self
173145201,3:Self
173180004,3:Self
173180005,3:Self
173200005,3:Self
173230005,3:Self
173285102,3:Self
173295101,3:Self
173300005,3:Self
174030009,1:Parents
174045103,3:Self
174054103,3:Self
174060004,3:Self
174060011,1:Parents
174160001,1:Parents
174160003,3:Self
174160004,3:Self
174170007,3:Self
174180004,3:Self
174190004,3:Self
174201112,1:Parents
175090004,3:Self
175114302,3:Self
175135101,1:Parents
175190006,3:Self
175190008,3:Self
175220003,3:Self
175240007,3:Self
175250005,5:Others
175264105,3:Self
175270003,3:Self
176010012,3:Self
176060001,3:Self
176065101,3:Self
176143101,3:Self
176145202,5:Others
177025202,3:Self
177062207,3:Self
177065105,3:Self
177085102,3:Self
177100003,3:Self
177100006,3:Self
177104104,3:Self
177130005,3:Self
177134104,3:Self
177140003,1:Parents
177140008,3:Self
177140009,3:Self
177145101,3:Self
177150005,1:Parents
177185101,3:Self
177215102,3:Self
177230003,3:Self
177230004,3:Self
177240003,3:Self
177250002,3:Self
177250003,5:Others
177270002,3:Self
177284101,3:Self
177293104,3:Self
177295201,3:Self
177300003,3:Self
177305202,3:Self
177305302,3:Self
178014106,3:Self
178030006,3:Self
178030007,3:Self
178030008,3:Self
178035101,3:Self
178035401,3:Self
178045101,3:Self
178050003,3:Self
178053107,3:Self
178060003,3:Self
178070004,3:Self
178090004,3:Self
178100011,3:Self
178120006,3:Self
178120012,3:Self
178130005,3:Self
178150008,3:Self
178150010,3:Self
178160007,3:Self
178160008,3:Self
178170010,3:Self
178180003,3:Self
178183106,3:Self
178205002,3:Self
178230001,3:Self
178250004,3:Self
178275101,3:Self
178275202,3:Self
179015102,3:Self
179020008,3:Self
179060005,3:Self
179064103,3:Self
179080003,3:Self
179085102,3:Self
179115102,1:Parents
179120002,3:Self
179130002,3:Self
179145102,3:Self
179180002,3:Self
179201101,3:Self
179255102,3:Self
179260004,3:Self
179260007,3:Self
179290005,3:Self
179295102,3:Self
179300007,3:Self
180010004,3:Self
180014102,4:Other family member from parent
180015202,3:Self
180045101,3:Self
180064202,3:Self
180070003,1:Parents
180080004,3:Self
180110004,3:Self
180130013,3:Self
180160004,3:Self
180170005,3:Self
180210003,3:Self
180210004,3:Self
180210007,3:Self
180220002,3:Self
180225102,3:Self
180225201,3:Self
180270002,3:Self
180270006,3:Self
180290005,3:Self
181020003,3:Self
181023101,3:Self
181030004,3:Self
181030005,3:Self
181060003,3:Self
181100005,3:Self
181170003,1:Parents
181175102,3:Self
181175104,3:Self
181210008,3:Self
181215103,3:Self
181235101,3:Self
181240004,3:Self
181250006,3:Self
181255101,3:Self
181260004,3:Self
181280005,3:Self
182020005,3:Self
182020006,3:Self
182020010,3:Self
182033104,3:Self
182040005,3:Self
182060007,3:Self
182090007,3:Self
182120006,3:Self
182125101,3:Self
182130006,3:Self
182130013,3:Self
182140003,3:Self
182143102,3:Self
182190003,3:Self
182200014,5:Others
182205101,3:Self
183010006,5:Others
183015101,3:Self
183021102,3:Self
183040006,3:Self
183043104,3:Self
183060003,3:Self
183060006,3:Self
183080007,3:Self
183084107,3:Self
183090008,3:Self
183100009,3:Self
183110002,1:Parents
183110003,3:Self
183110004,4:Other family member from parent
183115101,3:Self
183135101,3:Self
183150005,3:Self
183173105,3:Self
183180003,3:Self
183185201,3:Self
183194102,3:Self
184020001,3:Self
184025105,3:Self
184060004,3:Self
184070003,3:Self
184074201,3:Self
184090011,3:Self
184105203,3:Self
184110002,1:Parents
184120003,3:Self
184120004,3:Self
184124202,3:Self
184140003,3:Self
184150005,3:Self
184160003,3:Self
184180010,3:Self
184190005,3:Self
184200001,1:Parents
184205102,3:Self
184250003,3:Self
184250004,3:Self
184260002,3:Self
184275101,3:Self
184290002,3:Self
184300005,3:Self
184305201,3:Self
185021106,3:Self
185024104,3:Self
185025101,3:Self
185045101,3:Self
185045103,3:Self
185050008,3:Self
185085101,3:Self
185100003,3:Self
185100005,3:Self
185115101,3:Self
185180004,3:Self
185190003,3:Self
185190005,3:Self
186020002,1:Parents
186020003,3:Self
186020008,3:Self
186022108,3:Self
186030005,3:Self
186050002,1:Parents
186050007,3:Self
186050008,3:Self
186080012,3:Self
186090003,3:Self
186110014,3:Self
186140004,3:Self
186170004,3:Self
186200003,5:Others
186205201,3:Self
186210006,3:Self
186250001,4:Other family member from parent
186250004,3:Self
186260002,3:Self
186280002,3:Self
186284107,3:Self
186300004,3:Self
187060003,3:Self
187075101,3:Self
187080007,3:Self
187140005,3:Self
187150004,3:Self
187150005,3:Self
187175203,3:Self
188035101,3:Self
188060005,3:Self
188085101,3:Self
188085201,3:Self
188090006,3:Self
188160003,3:Self
188190003,3:Self
189035101,3:Self
189060006,3:Self
189080005,3:Self
189090004,3:Self
189090011,3:Self
189110003,3:Self
189124103,3:Self
189130006,3:Self
189130011,3:Self
189150005,3:Self
189155201,3:Self
189170001,3:Self
190020007,3:Self
190040002,3:Self
190050010,3:Self
190080008,4:Other family member from parent
190080009,3:Self
190090003,3:Self
190090005,3:Self
190090009,3:Self
190100001,3:Self
190125101,3:Self
190135101,3:Self
190160005,3:Self
190160009,3:Self
190181107,3:Self
191060001,3:Self
191095104,3:Self
191114102,3:Self
191115101,3:Self
191130006,3:Self
191140006,1:Parents
191185101,3:Self
192045101,3:Self
192074101,3:Self
192081107,3:Self
192110004,3:Self
192120004,3:Self
192130005,3:Self
192134103,3:Self
192175101,3:Self
193010002,3:Self
193010003,3:Self
193030005,3:Self
193030006,3:Self
193040001,3:Self
193070007,3:Self
193130003,3:Self
193130005,3:Self
193145103,3:Self
193170003,3:Self
193170007,3:Self
193180005,3:Self
193180007,3:Self
193184103,4:Other family member from parent
194010003,3:Self
194015102,3:Self
194070004,3:Self
194083101,3:Self
194110001,3:Self
194150001,3:Self
194190003,3:Self
194190004,3:Self
194190009,3:Self
195015101,3:Self
195015201,3:Self
195020001,3:Self
195025102,3:Self
195030004,3:Self
195035101,3:Self
195070007,3:Self
195075101,3:Self
195090007,3:Self
195090010,3:Self
195100004,3:Self
195110007,3:Self
195114203,3:Self
195120009,3:Self
195123105,3:Self
195140002,3:Self
195150005,3:Self
195150006,3:Self
195150016,3:Self
195160008,3:Self
195170004,1:Parents
195190004,1:Parents
195190006,3:Self
195190015,3:Self
195190019,3:Self
195190020,3:Self
195200001,3:Self
196030004,3:Self
196080005,3:Self
196085101,3:Self
196090003,3:Self
196114201,3:Self
196120003,3:Self
196150010,3:Self
196170006,3:Self
196230002,3:Self
196230004,3:Self
196240005,3:Self
196245201,3:Self
196275102,3:Self
196275103,4:Other family member from parent
196280003,3:Self
197020004,3:Self
197030005,3:Self
197110003,3:Self
197145102,3:Self
197150009,3:Self
197155101,3:Self
197170003,3:Self
197175102,3:Self
197200006,3:Self
197200007,1:Parents
197201105,3:Self
197205102,3:Self
197230003,3:Self
197250005,3:Self
198010003,3:Self
198040002,3:Self
198130004,3:Self
198170004,3:Self
198175201,3:Self
198200004,1:Parents
199020001,1:Parents
199025102,3:Self
199040009,3:Self
199055102,3:Self
199130003,3:Self
199160001,3:Self
199170003,3:Self
199180007,3:Self
199200008,3:Self
199200010,3:Self
199200011,3:Self
200020005,3:Self
200030006,3:Self
200040002,3:Self
200055102,3:Self
200090009,3:Self
200110002,3:Self
200113101,3:Self
200113107,3:Self
200125102,3:Self
200125202,3:Self
200170006,3:Self
200180005,3:Self
200190006,3:Self
200205101,3:Self
201015102,3:Self
201055101,3:Self
201080004,3:Self
201120004,3:Self
201160005,3:Self
201174201,3:Self
201210004,3:Self
201210005,3:Self
201214101,3:Self
201220006,3:Self
201225102,3:Self
201240004,3:Self
201260003,3:Self
201290003,3:Self
202080003,3:Self
202090006,3:Self
202120003,3:Self
202133101,3:Self
202160007,3:Self
202165103,3:Self
202170005,3:Self
202175202,3:Self
202180008,3:Self
202190004,3:Self
202200004,3:Self
203020004,3:Self
203025102,3:Self
203025301,3:Self
203030004,3:Self
203040001,3:Self
203054101,3:Self
203110001,4:Other family member from parent
203110005,3:Self
203125202,3:Self
203140005,5:Others
203155102,3:Self
203170003,3:Self
203200001,3:Self
203200002,3:Self
204040003,3:Self
204040004,3:Self
204045302,3:Self
204045303,3:Self
204050005,3:Self
204111204,3:Self
204120004,3:Self
204120012,3:Self
204125201,3:Self
204145102,3:Self
204150005,3:Self
204150007,3:Self
204155102,3:Self
204180003,3:Self
204200005,3:Self
205010003,3:Self
205025102,3:Self
205050005,3:Self
205060005,3:Self
205090004,3:Self
205110001,3:Self
205110003,3:Self
205115102,3:Self
205144203,3:Self
206090005,3:Self
206130006,3:Self
206180001,3:Self
206185103,3:Self
207045101,3:Self
207060005,3:Self
207070006,1:Parents
207085102,3:Self
207090002,1:Parents
207110003,3:Self
207130003,3:Self
207140008,3:Self
207150006,3:Self
207150008,3:Self
207165101,3:Self
207170003,3:Self
207180005,3:Self
207181101,3:Self
207195101,3:Self
207200003,3:Self
207200005,3:Self
207204103,3:Self
207210005,3:Self
207275001,1:Parents
207280003,3:Self
207280005,3:Self
207290005,3:Self
207295101,3:Self
207300003,3:Self
208025101,3:Self
208120003,3:Self
208170003,3:Self
208180004,3:Self
208220013,3:Self
208244102,3:Self
209010006,3:Self
209010007,3:Self
209040003,3:Self
209080007,3:Self
209085101,3:Self
209090005,3:Self
209115104,3:Self
209115201,3:Self
209123102,3:Self
209135101,3:Self
209140010,1:Parents
209150005,3:Self
209165101,3:Self
209180004,3:Self
209270005,3:Self
209285102,3:Self
210010008,1:Parents
210060003,3:Self
210090005,3:Self
210140002,3:Self
210144105,3:Self
210174301,3:Self
211060004,3:Self
211065101,4:Other family member from parent
211090002,3:Self
211120002,3:Self
211175103,3:Self
211175201,3:Self
211200003,3:Self
212060007,3:Self
212100005,3:Self
212135202,3:Self
212170007,3:Self
212170008,3:Self
212175102,3:Self
212180006,3:Self
212183107,3:Self
213090006,3:Self
213100007,3:Self
214135103,3:Self
214140001,3:Self
214173106,3:Self
215040004,3:Self
215045202,3:Self
215060002,3:Self
215154102,3:Self
215180005,3:Self
215200005,3:Self
216054104,3:Self
216090004,3:Self
216160009,5:Others
216165101,3:Self
217080004,3:Self
217084201,3:Self
217090005,3:Self
217090006,3:Self
217090008,3:Self
217095101,3:Self
217140002,5:Others
217190006,3:Self
218010003,3:Self
218020004,3:Self
218060007,3:Self
218070006,3:Self
218113103,3:Self
218130004,3:Self
218140003,3:Self
218150003,3:Self
218173205,1:Parents
219010006,3:Self
219034002,3:Self
219094104,3:Self
219110006,1:Parents
219120002,1:Parents
219120004,3:Self
219120010,3:Self
219150004,3:Self
219174105,3:Self
219190010,3:Self
219210001,3:Self
219220002,3:Self
219220004,3:Self
219223101,3:Self
219230006,3:Self
219285101,3:Self
220010006,1:Parents
220080006,3:Self
220084205,3:Self
220100008,3:Self
220130003,3:Self
220130006,5:Others
220134201,3:Self
220160007,3:Self
220180003,3:Self
221010001,4:Other family member from parent
221030004,3:Self
221060005,3:Self
221070003,3:Self
221100006,3:Self
221110003,3:Self
221110005,3:Self
221140005,3:Self
221165101,1:Parents
221180006,3:Self
221235101,1:Parents
221280006,3:Self
221300007,3:Self
222050003,3:Self
222055202,3:Self
222060004,3:Self
222090003,3:Self
222090004,3:Self
222110006,3:Self
222134102,3:Self
222140004,3:Self
222161101,3:Self
223090008,1:Parents
223160004,3:Self
223180001,3:Self
223180006,3:Self
223180008,3:Self
224015202,3:Self
224060004,3:Self
224080005,3:Self
224090005,3:Self
224100002,3:Self
224105102,3:Self
224140009,3:Self
224145101,3:Self
224205101,3:Self
224210005,3:Self
224215101,3:Self
224220007,3:Self
224261106,3:Self
224281103,3:Self
225020004,3:Self
225030005,3:Self
225065101,3:Self
225070006,3:Self
225110005,3:Self
225110010,3:Self
225124101,3:Self
225180003,3:Self
225185101,3:Self
225200003,3:Self
226030001,3:Self
226040008,3:Self
226054101,3:Self
226054106,3:Self
226080003,3:Self
226080006,3:Self
226090006,3:Self
226104202,3:Self
226113101,1:Parents
226113109,3:Self
226113110,3:Self
226113201,3:Self
226140002,4:Other family member from parent
226150004,3:Self
226150005,3:Self
226154101,3:Self
226160006,3:Self
226190008,3:Self
226200004,3:Self
226210006,3:Self
226210010,3:Self
226210012,3:Self
226280003,3:Self
226300005,3:Self
226305103,3:Self
227020006,3:Self
227025201,3:Self
227033107,3:Self
227035101,3:Self
227040001,3:Self
227040008,3:Self
227105101,3:Self
227150001,4:Other family member from parent
227175101,3:Self
227175201,9:MISSING
228010005,3:Self
228010007,3:Self
228045101,3:Self
228073105,3:Self
228110003,3:Self
228120004,1:Parents
228125102,3:Self
228140004,3:Self
228150004,3:Self
228150007,3:Self
228194107,3:Self
228210008,3:Self
228220004,5:Others
228230002,3:Self
228234106,3:Self
228270002,3:Self
228280003,4:Other family member from parent
228290005,3:Self
228300002,3:Self
229085101,3:Self
229090005,3:Self
229150004,3:Self
229180006,1:Parents
229180007,3:Self
229190002,3:Self
229210001,1:Parents
229230005,3:Self
229235101,3:Self
229250005,3:Self
229260010,3:Self
229263306,3:Self
229290006,3:Self
229300006,3:Self
230020007,3:Self
230035101,3:Self
230040003,1:Parents
230050003,3:Self
230050007,3:Self
230065101,3:Self
230080005,3:Self
230095202,3:Self
230110003,3:Self
230130003,3:Self
230140004,3:Self
230140008,3:Self
230175101,3:Self
230175203,3:Self
230245101,1:Parents
230250007,3:Self
230260005,3:Self
230280008,3:Self
231070003,3:Self
231075203,3:Self
231130001,3:Self
231145101,3:Self
231150002,3:Self
231150005,3:Self
231210003,3:Self
231260006,3:Self
231260009,3:Self
231270013,3:Self
231285102,3:Self
232050006,3:Self
232050008,3:Self
232050009,1:Parents
232194103,3:Self
232285202,3:Self
233080003,3:Self
233090005,3:Self
233095203,3:Self
233130006,3:Self
233130007,3:Self
233140006,3:Self
233160004,3:Self
233180005,3:Self
233200004,3:Self
233210004,3:Self
233215201,3:Self
233230002,3:Self
233230003,3:Self
233260002,3:Self
233270003,4:Other family member from parent
233280001,3:Self
233280003,3:Self
233285202,3:Self
233301105,3:Self
234010010,1:Parents
234040008,3:Self
234084101,3:Self
234105101,3:Self
234120007,3:Self
234140001,3:Self
234140010,3:Self
234160001,3:Self
234160004,3:Self
234170009,3:Self
235040003,3:Self
235040004,3:Self
235070007,1:Parents
235070008,3:Self
235120006,3:Self
235130005,3:Self
235160004,3:Self
235160009,3:Self
235170004,3:Self
235190004,3:Self
235200004,1:Parents
236050006,3:Self
236060003,3:Self
236110003,1:Parents
236120001,3:Self
236120002,3:Self
236130001,3:Self
236130002,3:Self
236130006,3:Self
236170010,3:Self
236173101,3:Self
236190004,3:Self
237025102,3:Self
237040004,5:Others
237040005,3:Self
237040010,4:Other family member from parent
237040011,1:Parents
237050004,3:Self
237055202,3:Self
237110004,3:Self
237120004,3:Self
237130005,3:Self
237170003,3:Self
237170006,3:Self
237230001,3:Self
237230002,3:Self
237240005,3:Self
237250003,3:Self
237260007,3:Self
237284102,3:Self
237290006,3:Self
238040005,3:Self
238050003,3:Self
238050005,3:Self
238125101,1:Parents
238140004,3:Self
238140006,3:Self
238174303,3:Self
238180003,3:Self
238200002,3:Self
239010011,3:Self
239030006,3:Self
239055102,3:Self
239080009,3:Self
239090007,3:Self
239125101,3:Self
239180004,3:Self
239180006,3:Self
239205101,3:Self
239250003,3:Self
239270003,5:Others
239270006,3:Self
239285101,3:Self
239290003,3:Self
239300011,3:Self
239305703,3:Self
240030007,3:Self
240060004,3:Self
240150004,4:Other family member from parent
240174305,3:Self
240195101,3:Self
240205101,3:Self
240215101,3:Self
240220002,3:Self
240230003,3:Self
240240003,3:Self
240260006,3:Self
240260007,3:Self
240260008,1:Parents
240270003,3:Self
240290007,3:Self
240290015,3:Self
241070007,4:Other family member from parent
241200005,3:Self
241215101,3:Self
241240004,3:Self
241275101,3:Self
241290005,3:Self
241410008,3:Self
242010005,1:Parents
242035101,3:Self
242045101,3:Self
242090002,3:Self
242120009,3:Self
242130003,3:Self
242170004,3:Self
242200002,4:Other family member from parent
242230004,3:Self
242250001,1:Parents
242305102,3:Self
243030006,3:Self
243080002,3:Self
243080003,3:Self
243120002,3:Self
243130001,3:Self
244080003,1:Parents
244120004,3:Self
244150007,4:Other family member from parent
244160003,3:Self
244230002,3:Self
244230004,3:Self
244230006,3:Self
245015102,3:Self
245065201,1:Parents
245140005,3:Self
245190003,3:Self
245220005,3:Self
245225101,3:Self
245260003,3:Self
245290004,3:Self
245290006,3:Self
246120005,3:Self
246140003,3:Self
246170004,3:Self
246195101,3:Self
246410003,3:Self
247040004,3:Self
247045101,3:Self
247080007,3:Self
247090003,3:Self
247100006,3:Self
247120003,3:Self
247125102,3:Self
247130003,3:Self
247140004,3:Self
247150009,3:Self
247154105,3:Self
247200004,3:Self
247210005,3:Self
247220003,3:Self
247280003,3:Self
248010003,3:Self
248060010,3:Self
248064201,3:Self
248180003,3:Self
249010012,1:Parents
249035201,3:Self
249050003,3:Self
249070005,3:Self
249070014,3:Self
249075201,3:Self
249080003,3:Self
249080004,3:Self
249080005,3:Self
249094103,3:Self
249110007,3:Self
249125101,3:Self
249175101,3:Self
249270006,3:Self
250010008,3:Self
250095202,3:Self
250160004,1:Parents
250163104,3:Self
250300011,3:Self
251010005,3:Self
251060003,1:Parents
251090009,3:Self
251105102,3:Self
251150006,3:Self
251160005,3:Self
251160008,3:Self
251170005,3:Self
251240007,3:Self
251250008,3:Self
251280005,3:Self
251280011,1:Parents
251283204,1:Parents
251295101,3:Self
252040003,3:Self
252045202,3:Self
252045303,3:Self
252090003,3:Self
252110003,3:Self
252115202,3:Self
252140003,3:Self
252160003,3:Self
252163205,3:Self
252175101,3:Self
252175201,3:Self
252180007,3:Self
252190003,3:Self
252190005,3:Self
252200004,3:Self
252230004,1:Parents
252245101,3:Self
252250004,3:Self
252250008,3:Self
252270006,3:Self
252270007,3:Self
252280007,3:Self
252300002,3:Self
253024103,3:Self
253110006,3:Self
253160003,3:Self
253160005,3:Self
253160009,3:Self
253191204,3:Self
253200002,3:Self
254040001,3:Self
254090006,1:Parents
254095101,3:Self
254100001,3:Self
254100006,3:Self
254120004,3:Self
254125101,3:Self
254190008,3:Self
255040004,3:Self
255040007,5:Others
255045102,3:Self
255080004,3:Self
255084103,3:Self
255125101,3:Self
255180004,3:Self
255180009,3:Self
255184208,3:Self
256030003,3:Self
256090005,1:Parents
256160008,3:Self
256175104,3:Self
256200006,3:Self
256200013,4:Other family member from parent
257010013,3:Self
257020003,3:Self
257060002,1:Parents
257063101,3:Self
257063201,1:Parents
257070004,3:Self
257074102,3:Self
257090003,3:Self
257155201,3:Self
257160001,3:Self
257163103,3:Self
257185101,3:Self
257190004,3:Self
258010004,3:Self
258014205,3:Self
258040003,3:Self
258040006,3:Self
258040011,3:Self
258050005,3:Self
258080004,3:Self
258084101,3:Self
258085201,3:Self
258113204,3:Self
258113209,3:Self
258140003,3:Self
258180004,3:Self
258200003,3:Self
258200004,3:Self
259010005,3:Self
259130004,3:Self
259130011,3:Self
259165101,3:Self
259170006,3:Self
260070007,3:Self
260070010,3:Self
260075301,3:Self
260090003,3:Self
260140006,3:Self
261035201,3:Self
261080003,3:Self
261085102,3:Self
261140006,3:Self
261150004,3:Self
261160008,3:Self
261180003,3:Self
261190007,3:Self
262040006,3:Self
262070005,3:Self
262100004,3:Self
262124102,3:Self
262124201,3:Self
262140004,3:Self
262150007,3:Self
262185101,3:Self
263010003,3:Self
263020003,3:Self
263020004,3:Self
263030004,3:Self
263110003,3:Self
263164104,3:Self
263185101,3:Self
263240003,3:Self
263250003,3:Self
263274102,3:Self
263280005,3:Self
264040007,3:Self
264055103,3:Self
264070003,3:Self
264070004,3:Self
264075202,3:Self
264085102,3:Self
264100005,3:Self
264100006,3:Self
264160006,3:Self
265100006,3:Self
266020001,3:Self
266045101,3:Self
266090002,3:Self
266090005,3:Self
266091101,3:Self
266110003,3:Self
266110004,3:Self
266140004,3:Self
266150003,3:Self
266170005,3:Self
266180004,3:Self
266190001,3:Self
266190002,3:Self
267040004,3:Self
267110006,3:Self
267140005,3:Self
267180003,3:Self
267200005,3:Self
268010005,3:Self
268025102,3:Self
268060004,3:Self
268064102,1:Parents
268090003,3:Self
268095203,3:Self
268100004,3:Self
268210003,3:Self
268215101,1:Parents
268250003,3:Self
268250004,3:Self
268275103,3:Self
268420005,3:Self
269090003,3:Self
269120001,3:Self
269160006,3:Self
269200003,3:Self
269200004,3:Self
269240003,3:Self
269260004,3:Self
269270003,3:Self
269305101,3:Self
269415101,3:Self
270020004,3:Self
270040007,3:Self
270045102,3:Self
270054107,3:Self
270060003,3:Self
270080004,3:Self
270120004,3:Self
270120007,3:Self
270145102,3:Self
270155101,3:Self
270190004,3:Self
270195105,3:Self
270200003,3:Self
270200004,3:Self
271010001,3:Self
271010002,3:Self
271010003,3:Self
271020005,3:Self
271030005,3:Self
271031104,3:Self
271040002,3:Self
271040005,3:Self
271060004,3:Self
271074102,3:Self
271110001,3:Self
271110003,3:Self
271110004,3:Self
271120003,3:Self
271140004,3:Self
271150008,3:Self
271170001,3:Self
271215101,3:Self
271220001,3:Self
271220003,3:Self
271225302,3:Self
271225404,3:Self
271240005,3:Self
271250002,3:Self
271270003,3:Self
271275103,3:Self
271290007,3:Self
271300003,3:Self
271304101,3:Self
271304302,3:Self
272034101,3:Self
272080004,3:Self
272100003,3:Self
272110003,3:Self
272135102,3:Self
272140005,3:Self
272160005,3:Self
272195102,3:Self
272200003,3:Self
272205101,3:Self
272210005,3:Self
272234103,3:Self
272270006,3:Self
272285102,3:Self
272290003,3:Self
272290004,3:Self
272290005,3:Self
272295102,3:Self
273010004,3:Self
273050007,3:Self
273054101,3:Self
273055101,3:Self
273055201,3:Self
273075101,3:Self
273090001,3:Self
273100003,3:Self
273120001,3:Self
273130004,3:Self
273140004,3:Self
273145101,3:Self
273150013,3:Self
273155201,3:Self
273160005,3:Self
273170005,3:Self
273175102,3:Self
273190002,3:Self
273190008,3:Self
273213103,3:Self
273275201,3:Self
273300003,3:Self
273305104,3:Self
273305203,3:Self
274020004,3:Self
274020006,5:Others
274020007,3:Self
274024502,3:Self
274025101,3:Self
274033106,3:Self
274035101,3:Self
274080005,3:Self
274120003,3:Self
274120004,3:Self
274130007,3:Self
274140004,3:Self
274150005,3:Self
274154205,3:Self
274160005,3:Self
274164202,3:Self
274170004,3:Self
274203101,3:Self
274240004,1:Parents
274240005,3:Self
275030004,3:Self
275045101,3:Self
275080003,3:Self
275110004,3:Self
275130004,3:Self
275135103,3:Self
275170003,3:Self
275175101,3:Self
275180008,3:Self
275185303,3:Self
275205201,3:Self
275205301,3:Self
276020007,3:Self
276040002,3:Self
276055101,3:Self
276080003,3:Self
276095103,3:Self
276100003,3:Self
276110004,3:Self
276110011,3:Self
276115301,3:Self
276135102,3:Self
276135201,3:Self
276143105,3:Self
276155101,3:Self
276160001,3:Self
276170006,3:Self
277010006,3:Self
277015101,3:Self
277022105,3:Self
277025101,3:Self
277030001,3:Self
277030003,3:Self
277040004,3:Self
277040005,3:Self
277050001,3:Self
277050003,1:Parents
277055101,3:Self
277070004,3:Self
277070009,3:Self
277070011,3:Self
277090004,3:Self
277110004,3:Self
277130004,3:Self
277134102,3:Self
277140007,3:Self
277140008,3:Self
277165101,3:Self
277180003,3:Self
277195201,3:Self
278020008,3:Self
278020009,3:Self
278030003,3:Self
278031103,3:Self
278035201,3:Self
278060005,3:Self
278063206,3:Self
278070001,3:Self
278185103,3:Self
279030007,3:Self
279035101,3:Self
279040003,3:Self
279055101,3:Self
279055201,3:Self
279055301,3:Self
279095101,3:Self
279095201,3:Self
279100004,3:Self
279110004,3:Self
279114103,3:Self
279115101,3:Self
279115201,3:Self
279120014,3:Self
279121103,3:Self
279123203,3:Self
279125101,3:Self
279130006,3:Self
279130010,3:Self
279135201,3:Self
279150005,3:Self
279155101,3:Self
279160003,3:Self
279160006,3:Self
279165201,3:Self
279170002,3:Self
279195101,3:Self
279200002,1:Parents
279200009,3:Self
279205101,3:Self
279215101,3:Self
279235101,3:Self
279235201,3:Self
279243101,3:Self
279245101,3:Self
279250003,3:Self
279260003,3:Self
279260004,3:Self
279270005,3:Self
279280003,3:Self
279285201,3:Self
279285301,3:Self
279290004,3:Self
279295301,3:Self
280010007,3:Self
280010008,3:Self
280015101,3:Self
280020005,3:Self
280025201,3:Self
280030006,3:Self
280034304,3:Self
280050003,3:Self
280055201,3:Self
280070001,3:Self
280090005,3:Self
280105101,3:Self
280110006,3:Self
280120007,3:Self
280140004,3:Self
280150009,5:Others
280170004,3:Self
280175201,3:Self
280200011,3:Self
280205201,3:Self
280205301,3:Self
280215101,3:Self
280220004,3:Self
280230004,3:Self
280235201,3:Self
280240005,3:Self
280243201,3:Self
280245201,3:Self
280300004,3:Self
280300007,3:Self
281010004,3:Self
281020007,3:Self
281022101,3:Self
281023104,3:Self
281040009,3:Self
281045101,3:Self
281065101,3:Self
281065201,3:Self
281080004,3:Self
281120001,3:Self
281120003,3:Self
281120007,4:Other family member from parent
281130003,3:Self
281130004,3:Self
281130005,3:Self
281140004,3:Self
281165101,3:Self
281171101,3:Self
281175101,3:Self
282010003,3:Self
282010005,3:Self
282015201,3:Self
282024103,3:Self
282030011,3:Self
282035101,3:Self
282040004,3:Self
282040013,3:Self
282040014,3:Self
282064106,3:Self
282070005,3:Self
282075101,3:Self
282090003,3:Self
282090009,3:Self
282090011,3:Self
282100004,3:Self
282105201,3:Self
282115101,3:Self
282120001,1:Parents
282124101,3:Self
282134104,3:Self
282145101,3:Self
282150003,3:Self
282160003,3:Self
282170003,3:Self
282170005,3:Self
282175101,3:Self
282175201,3:Self
282260005,3:Self
282270003,3:Self
282410007,3:Self
283010003,3:Self
283030007,3:Self
283055101,3:Self
283055201,3:Self
283070001,3:Self
283080001,3:Self
283080004,3:Self
283085101,3:Self
283115101,3:Self
283140003,3:Self
283140004,3:Self
283140005,3:Self
283150003,3:Self
283160004,3:Self
283180002,3:Self
283190005,3:Self
283205101,3:Self
283220002,3:Self
283235101,3:Self
283242107,3:Self
283250003,3:Self
283255301,3:Self
283295101,3:Self
283300006,3:Self
283305101,3:Self
283305201,3:Self
283305301,3:Self
284010004,3:Self
284010006,3:Self
284010007,3:Self
284015101,3:Self
284025101,3:Self
284030007,3:Self
284032108,3:Self
284035101,3:Self
284035201,3:Self
284035301,3:Self
284045101,3:Self
284050004,3:Self
284075101,3:Self
284075201,3:Self
284075301,3:Self
284110008,3:Self
284120009,3:Self
284140002,3:Self
284140003,3:Self
284150003,3:Self
284170001,3:Self
284175101,3:Self
284201109,3:Self
284210001,3:Self
284210003,3:Self
284210004,3:Self
284245101,3:Self
284255101,3:Self
284290003,3:Self
285010005,3:Self
285020005,3:Self
285030001,3:Self
285040002,3:Self
285044103,3:Self
285050001,3:Self
285130005,3:Self
285135101,3:Self
285135201,3:Self
285160005,3:Self
285160007,3:Self
285165101,3:Self
285180005,3:Self
285200004,3:Self
285205101,3:Self
286010009,3:Self
286040003,3:Self
286065302,3:Self
286070004,3:Self
286075201,3:Self
286120004,3:Self
286160003,3:Self
286160004,3:Self
286195101,3:Self
286200004,3:Self
287025101,3:Self
287051208,3:Self
287060005,3:Self
287105101,3:Self
287110009,3:Self
287124102,3:Self
287130004,3:Self
287141106,3:Self
287155101,3:Self
287170004,3:Self
287190006,3:Self
287200003,3:Self
287213103,3:Self
287225101,3:Self
287225201,3:Self
287235101,3:Self
287235201,3:Self
287265101,3:Self
287265201,3:Self
287290006,3:Self
287295101,3:Self
287410003,3:Self
287420007,3:Self
288010009,3:Self
288030008,3:Self
288035101,3:Self
288040004,3:Self
288060003,3:Self
288070007,3:Self
288071106,3:Self
288080003,3:Self
288080004,3:Self
288095001,3:Self
288110008,3:Self
288120003,3:Self
288145101,3:Self
288150003,3:Self
288170003,3:Self
288182106,3:Self
288185101,3:Self
288190005,3:Self
288200007,3:Self
288234102,3:Self
288240003,3:Self
288240005,3:Self
288260002,3:Self
288270003,3:Self
288270006,3:Self
288280006,3:Self
288285101,3:Self
288285201,4:Other family member from parent
288295101,3:Self
288295201,3:Self
288410009,3:Self
289020005,3:Self
289020009,3:Self
289024105,3:Self
289030009,3:Self
289033105,3:Self
289035301,3:Self
289060003,3:Self
289060004,3:Self
289070008,3:Self
289090005,3:Self
289100001,3:Self
289104102,3:Self
289110004,3:Self
289140010,3:Self
289143109,3:Self
289143110,3:Self
289150008,3:Self
289160005,3:Self
289160007,3:Self
289160008,3:Self
289164303,3:Self
289165303,3:Self
289175101,3:Self
289230003,3:Self
289250006,3:Self
289251101,3:Self
289260004,3:Self
289263201,3:Self
289270004,3:Self
289280007,3:Self
289285201,3:Self
289294103,3:Self
289295101,3:Self
289300002,3:Self
289300004,3:Self
289300006,3:Self
289303101,3:Self
289413206,3:Self
289414102,3:Self
289420007,3:Self
289425101,3:Self
289425201,3:Self
289430004,3:Self
289430007,3:Self
290010004,3:Self
290014102,3:Self
290060003,3:Self
290080002,3:Self
290084103,3:Self
290130004,3:Self
290133106,3:Self
290134101,3:Self
290134301,3:Self
290135101,3:Self
290135601,3:Self
290160001,3:Self
290165101,3:Self
290180003,3:Self
290195101,3:Self
290195201,3:Self
290200003,3:Self
290210004,3:Self
290270003,3:Self
290270010,3:Self
290424102,3:Self
290425101,3:Self
290440003,3:Self
290450002,5:Others
290451101,3:Self
290453101,3:Self
291030006,3:Self
291035101,3:Self
291050005,3:Self
291090004,3:Self
291095101,3:Self
291100014,3:Self
291100015,3:Self
291110008,3:Self
291110009,3:Self
291120012,3:Self
291150003,3:Self
291200003,3:Self
291415101,3:Self
291415201,3:Self
291430009,3:Self
291435101,3:Self
291435301,3:Self
292010005,3:Self
292020005,3:Self
292024104,3:Self
292025201,3:Self
292035101,3:Self
292040005,3:Self
292044102,3:Self
292060009,3:Self
292100004,3:Self
292110004,3:Self
292130004,3:Self
292134104,3:Self
292135101,3:Self
292145101,3:Self
292150008,3:Self
292150012,3:Self
292193103,3:Self
292193104,3:Self
292210006,1:Parents
292210007,1:Parents
292240006,3:Self
292243108,3:Self
292245101,3:Self
292245201,3:Self
292265101,1:Parents
292265201,3:Self
292290005,3:Self
292290006,3:Self
292410006,3:Self
292410007,3:Self
293020003,3:Self
293070004,3:Self
293070005,3:Self
293080003,3:Self
293090004,3:Self
293130003,3:Self
293145101,3:Self
293170003,3:Self
293170006,3:Self
293240003,3:Self
293290003,3:Self
293300001,3:Self
293420008,3:Self
293430001,3:Self
294025101,3:Self
294040002,3:Self
294055101,3:Self
294060010,3:Self
294063109,3:Self
294070009,3:Self
294100003,3:Self
294100005,3:Self
294110004,3:Self
294110007,3:Self
294155101,3:Self
294160004,3:Self
294160009,3:Self
294170010,3:Self
294190003,3:Self
294205106,3:Self
294410006,3:Self
294423111,3:Self
295010004,3:Self
295040006,3:Self
295100003,3:Self
295100009,3:Self
295105103,3:Self
295125101,3:Self
295140005,3:Self
295140007,3:Self
295145301,3:Self
295160007,3:Self
295162104,3:Self
295270006,3:Self
295275101,3:Self
295275203,3:Self
295290015,3:Self
295295101,3:Self
295295201,3:Self
295420003,3:Self
295423206,3:Self
295460005,3:Self
295465101,3:Self
296040004,3:Self
296060005,3:Self
296070012,3:Self
296170005,3:Self
297010004,3:Self
297011108,3:Self
297015104,3:Self
297020005,3:Self
297020006,3:Self
297040007,3:Self
297103107,3:Self
297120003,3:Self
297140006,3:Self
297150004,3:Self
297150009,3:Self
297154105,3:Self
297155201,3:Self
297160007,3:Self
297170001,1:Parents
297180009,3:Self
297200005,3:Self
297220001,1:Parents
297223103,3:Self
297270003,3:Self
297420002,3:Self
297425101,3:Self
297464203,3:Self
297465101,3:Self
298020006,3:Self
298022102,3:Self
298030002,1:Parents
298030009,3:Self
298055101,3:Self
298065201,3:Self
298135101,5:Others
298140009,3:Self
298141207,3:Self
298164104,3:Self
298170004,3:Self
298173101,3:Self
298200003,1:Parents
298240002,3:Self
298260003,3:Self
299040005,3:Self
299050006,3:Self
299050009,3:Self
299064103,3:Self
299080006,3:Self
299110007,3:Self
299150004,3:Self
299164102,3:Self
299170008,3:Self
299220004,3:Self
299240006,3:Self
299245101,3:Self
299250004,3:Self
299290004,3:Self
299290010,3:Self
300010009,1:Parents
300020006,3:Self
300060010,3:Self
300080003,3:Self
300090003,3:Self
300110008,3:Self
300130004,3:Self
300160004,3:Self
300164105,3:Self
300174103,3:Self
301024302,3:Self
301040003,3:Self
301050001,3:Self
301075102,3:Self
301100004,3:Self
301105103,3:Self
301110004,3:Self
301140004,3:Self
301195201,3:Self
301230003,3:Self
301230004,3:Self
301270001,3:Self
301270004,3:Self
301300013,3:Self
301305101,3:Self
302010006,3:Self
302030005,3:Self
302030008,1:Parents
302030009,3:Self
302050006,3:Self
302080004,3:Self
302083103,3:Self
302105101,3:Self
302110003,3:Self
302120004,3:Self
302140001,1:Parents
302140006,3:Self
302145101,3:Self
302155201,3:Self
302175101,3:Self
302180004,3:Self
302215101,3:Self
302225101,3:Self
302235201,3:Self
302264104,3:Self
302280004,3:Self
302280005,3:Self
302285101,3:Self
303040003,3:Self
303110005,3:Self
303114301,3:Self
303130004,3:Self
303160003,3:Self
303180004,3:Self
304025101,3:Self
304050017,3:Self
304070006,3:Self
304090004,3:Self
304100005,3:Self
304100006,3:Self
304100011,3:Self
304105301,3:Self
304110006,1:Parents
304130004,3:Self
305020007,3:Self
305040003,3:Self
305065101,3:Self
305080001,3:Self
305100007,3:Self
305110011,1:Parents
305133206,3:Self
305160003,3:Self
305170011,3:Self
306010008,3:Self
306030015,3:Self
306035101,3:Self
306040002,1:Parents
306090002,1:Parents
306120006,3:Self
306180003,3:Self
306190005,3:Self
306200006,1:Parents
306200008,3:Self
306220006,3:Self
306220007,3:Self
306224101,3:Self
306230011,1:Parents
306235101,1:Parents
306240010,3:Self
306240011,3:Self
306250009,3:Self
306260001,3:Self
306300015,3:Self
307040007,3:Self
307060001,3:Self
307060002,3:Self
307070010,3:Self
307080009,3:Self
307083101,3:Self
307085204,3:Self
307090005,3:Self
307130005,4:Other family member from parent
307140004,3:Self
307170008,3:Self
307173107,3:Self
307173108,3:Self
307175101,3:Self
307190001,3:Self
307190010,3:Self
307200005,3:Self
308024201,1:Parents
308030003,3:Self
308040004,3:Self
308070005,3:Self
308090003,3:Self
308090004,1:Parents
308090005,1:Parents
308100003,3:Self
308100007,3:Self
308100013,3:Self
308103101,3:Self
308165102,3:Self
308170003,1:Parents
308175101,3:Self
309010007,3:Self
309020003,3:Self
309020004,3:Self
309025101,4:Other family member from parent
309030007,3:Self
309040005,3:Self
309083104,1:Parents
309084301,3:Self
309085101,3:Self
309090006,3:Self
309105101,3:Self
309110010,3:Self
309120005,3:Self
309140003,3:Self
309145201,3:Self
309160007,3:Self
309180001,4:Other family member from parent
309180007,1:Parents
310040006,3:Self
310040013,3:Self
310040014,3:Self
310050007,3:Self
310080003,3:Self
310100003,3:Self
310100005,3:Self
310115101,3:Self
310120001,3:Self
310120004,3:Self
310130003,3:Self
310130009,1:Parents
310140008,3:Self
310150008,1:Parents
310160005,3:Self
310160008,3:Self
310190007,3:Self
310195301,3:Self
311020007,3:Self
311060004,3:Self
311080003,4:Other family member from parent
311110003,3:Self
311200004,3:Self
311201107,3:Self
311440003,3:Self
312020004,3:Self
312123104,3:Self
312141101,1:Parents
312141107,3:Self
312170001,1:Parents
312170009,4:Other family member from parent
312210011,3:Self
313020001,3:Self
313025101,3:Self
313050002,4:Other family member from parent
313070001,3:Self
313074206,3:Self
313133105,3:Self
313160011,1:Parents
313170001,1:Parents
313203103,1:Parents
313220008,1:Parents
313270001,3:Self
313275002,1:Parents
313300003,3:Self
314050003,1:Parents
314090003,3:Self
314095201,1:Parents
314100003,3:Self
314130006,3:Self
314140006,1:Parents
314143107,3:Self
314160010,3:Self
314180003,3:Self
314200001,3:Self
314200005,3:Self
314410001,1:Parents
314410008,3:Self
314420005,1:Parents
315010005,3:Self
315045101,3:Self
315050004,1:Parents
315070010,3:Self
315080006,1:Parents
315090007,1:Parents
315090012,3:Self
315105101,3:Self
315105201,3:Self
315110004,3:Self
315110009,3:Self
315110012,3:Self
315155101,3:Self
315170007,3:Self
315180004,4:Other family member from parent
315240009,3:Self
315250010,3:Self
315280013,3:Self
315410004,1:Parents
315415301,1:Parents
316030011,3:Self
316054301,1:Parents
316060003,3:Self
316110002,1:Parents
316130005,3:Self
316155101,3:Self
316160002,3:Self
316210010,3:Self
316230012,1:Parents
316235102,1:Parents
316270004,3:Self
316290003,3:Self
317010003,3:Self
317040009,3:Self
317045101,3:Self
317070001,3:Self
317114103,3:Self
317140003,3:Self
317140005,3:Self
317145203,3:Self
317160002,1:Parents
317160005,3:Self
317190006,3:Self
317194202,3:Self
317195201,3:Self
317230001,3:Self
317300005,3:Self
318010002,3:Self
318015101,3:Self
318120007,3:Self
318410009,3:Self
318414203,3:Self
319115101,3:Self
319120003,3:Self
319140007,3:Self
319170001,1:Parents
319410004,3:Self
319415101,3:Self
320010003,3:Self
320020006,3:Self
320053203,3:Self
320060003,3:Self
320070003,3:Self
320080003,3:Self
320100004,3:Self
320100005,3:Self
320130006,1:Parents
320150001,1:Parents
320155201,3:Self
320155301,1:Parents
320160003,3:Self
320160004,3:Self
320180009,3:Self
320184101,3:Self
320185101,3:Self
320200005,3:Self
321020005,3:Self
321040006,3:Self
321044101,3:Self
321060001,1:Parents
321070003,3:Self
321080005,3:Self
321090004,3:Self
321095301,3:Self
321120008,3:Self
321120009,3:Self
321125101,3:Self
321140001,3:Self
321140008,3:Self
321140011,3:Self
321140013,3:Self
321143103,3:Self
321143201,3:Self
321145101,3:Self
321150003,3:Self
321150009,3:Self
321170005,3:Self
321250006,3:Self
321260005,3:Self
321265301,3:Self
321270004,3:Self
321270006,3:Self
321280005,3:Self
321280008,3:Self
321280009,3:Self
